ano;mes;sigla_uf;id_municipio;saldo_movimentacao;tipo_movimentacao;cbo_2002;cnae_2_subclasse;salario_mensal;grau_instrucao;sexo;idade;raca_cor;horas_contratuais
2023;1;AC;1200138;1;97;317210;7733100;2798.0;9;1;51;6;44.0
2023;1;AC;1200203;-1;40;317110;5510801;2669.04;9;1;29;1;44.0
2023;1;AC;1200203;1;97;317205;9511800;1302.0;7;1;18;6;44.0
2023;1;AC;1200401;-1;31;212420;4711302;1800.0;7;1;25;6;44.0
2023;1;AC;1200401;-1;31;317210;4729699;3000.0;8;1;24;6;44.0
2023;1;AC;1200401;1;97;317110;6204000;1600.0;9;3;22;6;44.0
2023;1;AC;1200401;1;97;212420;6209100;1818.0;7;1;23;6;44.0
2023;1;AC;1200401;-1;40;317210;6399200;1500.0;7;1;34;3;44.0
2023;1;AC;1200401;-1;40;317210;8531700;1419.8;9;1;34;1;44.0
2023;1;AC;1200401;-1;31;317210;8640210;2624.94;7;1;46;6;44.0
2023;1;AC;1200609;1;97;212405;4751201;1302.0;7;1;31;6;44.0
2023;2;AC;1200401;-1;31;212410;4321500;1650.0;9;1;35;3;44.0
2023;2;AC;1200401;-1;31;317205;4751201;1302.0;7;1;25;6;44.0
2023;2;AC;1200203;-1;31;317210;6190601;1212.0;7;3;30;6;44.0
2023;2;AC;1200401;-1;40;317210;4711301;1425.6;7;1;25;3;44.0
2023;2;AC;1200401;-1;40;317210;6621502;2798.0;9;1;27;6;44.0
2023;2;AC;1200401;-1;43;212410;6110803;1302.0;7;1;27;3;44.0
2023;2;AC;1200104;1;97;317210;1012103;2083.84;8;1;28;6;44.0
2023;2;AC;1200401;1;97;212410;4321500;1350.0;8;1;49;3;44.0
2023;2;AC;1200401;1;97;212410;4321500;1650.0;8;1;20;3;44.0
2023;2;AC;1200401;1;97;317210;4711301;1425.6;9;1;25;3;44.0
2023;2;AC;1200203;1;97;317110;5510801;2669.04;7;1;23;1;44.0
2023;2;AC;1200500;1;97;317210;6130200;1546.39;7;1;27;6;44.0
2023;2;AC;1200500;1;97;317210;6130200;1546.39;7;1;19;6;44.0
2023;2;AC;1200138;1;97;317205;7733100;2100.0;9;1;39;6;44.0
2023;2;AC;1200401;1;97;317210;9511800;1302.0;9;1;22;6;44.0
2023;3;AC;1200401;-1;31;212420;4712100;1840.0;9;1;30;3;44.0
2023;3;AC;1200401;-1;31;317205;4771701;1628.63;8;1;34;3;44.0
2023;3;AC;1200401;-1;31;317210;8513900;2173.97;9;1;31;6;44.0
2023;3;AC;1200401;-1;31;212410;8531700;3500.0;8;3;23;3;44.0
2023;3;AC;1200104;-1;40;317210;6190699;1406.0;7;1;25;6;44.0
2023;3;AC;1200401;-1;40;317210;6399200;2575.0;9;1;23;6;44.0
2023;3;AC;1200401;-1;40;212410;8531700;1942.11;8;1;25;3;44.0
2023;3;AC;1200401;1;97;317105;4313400;660.0;6;1;15;3;22.0
2023;3;AC;1200203;1;97;317210;4757100;1302.0;7;1;36;3;44.0
2023;3;AC;1200401;1;97;317110;4930202;591.82;7;1;14;6;44.0
2023;3;AC;1200401;1;97;317110;4930202;591.82;7;1;15;6;44.0
2023;3;AC;1200401;1;97;212420;6120502;3479.0;9;1;32;3;44.0
2023;3;AC;1200401;1;97;317210;6399200;1302.0;9;3;30;3;44.0
2023;3;AC;1200401;1;97;212410;6424703;5000.0;9;1;36;4;40.0
2023;3;AC;1200401;1;97;317210;6424703;3500.0;9;1;35;3;40.0
2023;3;AC;1200401;1;97;317210;6621502;2798.0;80;1;37;1;44.0
2023;3;AC;1200401;1;97;317210;6621502;2665.0;9;3;47;6;44.0
2023;3;AC;1200401;1;97;317110;6810203;651.0;6;1;16;6;20.0
2023;3;AC;1200401;1;97;317110;6810203;651.0;6;1;15;6;20.0
2023;3;AC;1200401;1;97;212405;7319004;6400.0;9;1;28;3;44.0
2023;3;AC;1200252;1;97;317110;7711000;651.0;7;1;15;3;20.0
2023;3;AC;1200401;1;97;317210;8513900;2173.97;8;1;25;6;44.0
2023;3;AC;1200401;1;97;212410;8531700;1942.11;9;1;26;2;44.0
2023;3;AC;1200401;1;97;317210;8532500;1664.0;7;1;24;1;44.0
2023;4;AC;1200401;-1;31;317205;4110700;2500.0;9;1;36;6;44.0
2023;4;AC;1200401;-1;31;212410;4321500;1650.0;8;1;20;3;44.0
2023;4;AC;1200500;-1;31;317210;6130200;1546.39;7;1;27;6;44.0
2023;4;AC;1200401;-1;40;212410;4321500;1350.0;8;1;49;3;44.0
2023;4;AC;1200401;-1;40;212420;4751201;1700.0;7;1;20;1;44.0
2023;4;AC;1200401;-1;40;317205;4751201;3500.0;7;1;44;6;44.0
2023;4;AC;1200401;-1;40;212420;4772500;2300.0;9;1;29;1;44.0
2023;4;AC;1200401;-1;40;212420;6209100;1818.0;7;1;31;6;44.0
2023;4;AC;1200138;-1;40;317105;7733100;4068.33;7;1;33;1;44.0
2023;4;AC;1200401;-1;40;212405;9511800;1749.35;8;1;24;1;44.0
2023;4;AC;1200401;1;97;212410;4321500;1650.0;9;1;27;1;44.0
2023;4;AC;1200401;1;97;317210;4321500;2134.87;8;1;49;3;44.0
2023;4;AC;1200401;1;97;317205;4751201;1500.0;7;1;28;6;44.0
2023;4;AC;1200401;1;97;317205;4751201;1500.0;7;1;42;6;44.0
2023;4;AC;1200401;1;97;212420;6110803;1302.0;9;1;22;3;44.0
2023;4;AC;1200500;1;97;317210;6130200;1500.0;7;1;31;6;44.0
2023;4;AC;1200500;1;97;317210;6130200;1500.0;7;1;22;6;44.0
2023;4;AC;1200500;1;97;317210;6130200;1500.0;7;1;20;6;44.0
2023;4;AC;1200203;1;97;317210;6190601;1302.0;7;3;23;6;44.0
2023;4;AC;1200401;1;97;317210;6621502;2665.0;9;1;38;6;44.0
2023;4;AC;1200401;1;97;317210;6621502;2798.0;9;3;49;3;44.0
2023;4;AC;1200401;1;97;317210;6621502;2665.0;7;1;42;6;44.0
2023;4;AC;1200401;1;97;317210;9511800;1302.0;9;1;22;2;44.0
2023;5;AC;1200401;-1;31;317210;6621502;2966.0;8;3;33;3;44.0
2023;5;AC;1200401;-1;31;317210;6621502;2966.0;8;1;21;3;44.0
2023;5;AC;1200401;-1;40;212410;4321500;2000.0;7;1;35;6;44.0
2023;5;AC;1200401;-1;40;317205;4751201;2060.0;7;1;29;6;44.0
2023;5;AC;1200500;-1;40;317210;6130200;1500.0;7;1;32;6;44.0
2023;5;AC;1200401;-1;40;317210;6399200;1648.0;7;3;29;3;44.0
2023;5;AC;1200401;-1;40;317210;6621502;2996.0;80;1;37;6;44.0
2023;5;AC;1200401;1;97;317205;4110700;1600.0;9;1;22;6;44.0
2023;5;AC;1200401;1;97;212410;4321500;2000.0;7;1;35;6;44.0
2023;5;AC;1200401;1;97;212410;4321500;1650.0;7;1;21;1;44.0
2023;5;AC;1200401;1;97;212310;4511102;1320.0;8;1;33;6;44.0
2023;5;AC;1200401;1;97;317205;4751201;1500.0;7;1;30;6;44.0
2023;5;AC;1200401;1;97;317210;6110803;1375.0;7;1;20;6;44.0
2023;5;AC;1200500;1;97;317210;6130200;1500.0;7;1;32;6;44.0
2023;5;AC;1200401;1;97;317210;6621502;2665.0;7;1;27;6;44.0
2023;6;AC;1200401;-1;31;212410;4321500;1650.0;9;1;30;3;36.0
2023;6;AC;1200401;-1;31;212420;6209100;1700.0;7;1;23;3;44.0
2023;6;AC;1200401;-1;31;317210;9511800;1320.0;9;1;22;2;44.0
2023;6;AC;1200401;-1;40;317210;6399200;1648.0;7;3;22;3;44.0
2023;6;AC;1200138;-1;40;212420;7733100;3184.73;9;1;32;3;44.0
2023;6;AC;1200401;-1;43;317120;8121400;3296.0;7;1;22;3;44.0
2023;6;AC;1200401;1;97;317210;4511101;1600.0;7;1;31;6;44.0
2023;6;AC;1200401;1;97;317205;4930202;1377.0;7;1;22;1;44.0
2023;6;AC;1200401;1;97;212420;6110803;2000.0;7;1;27;6;44.0
2023;6;AC;1200203;1;97;317210;6130200;1400.0;7;1;27;6;44.0
2023;6;AC;1200203;1;97;317210;6190601;1320.0;9;1;26;6;44.0
2023;6;AC;1200401;1;97;317210;6399200;1320.0;9;3;30;3;44.0
2023;6;AC;1200138;1;97;212405;7733100;4832.9;9;1;22;6;44.0
2023;6;AC;1200138;1;97;212405;7733100;4832.9;80;1;25;6;44.0
2023;6;AC;1200138;1;97;212420;7733100;3184.73;8;1;37;6;44.0
2023;6;AC;1200138;1;97;212405;7733100;4832.9;9;3;30;6;44.0
2023;6;AC;1200138;1;97;212420;7733100;3184.73;7;1;36;6;44.0
2023;6;AC;1200138;1;97;212420;7733100;3184.73;9;1;32;3;44.0
2023;6;AC;1200138;1;97;317105;7733100;4068.33;9;1;22;6;44.0
2023;6;AC;1200138;1;97;212405;7733100;7616.57;7;1;23;6;44.0
2023;6;AC;1200138;1;97;212405;7733100;4832.9;9;3;29;6;44.0
2023;6;AC;1200138;1;97;212420;7733100;3184.73;7;1;39;6;44.0
2023;6;AC;1200138;1;97;212420;7733100;3184.73;8;1;19;6;44.0
2023;6;AC;1200401;1;97;317120;8121400;3296.0;7;1;22;3;44.0
2023;7;AC;1200401;-1;31;212420;6110803;2000.0;7;1;27;6;44.0
2023;7;AC;1200401;-1;31;212420;8121400;2295.0;7;1;43;3;44.0
2023;7;AC;1200401;-1;40;317210;6621502;2665.0;8;1;22;3;44.0
2023;7;AC;1200401;-1;40;212410;7311400;1650.0;7;3;25;6;44.0
2023;7;AC;1200138;-1;40;212420;7733100;3184.73;7;1;36;6;44.0
2023;7;AC;1200401;-1;40;212320;8531700;2293.25;9;1;33;2;44.0
2023;7;AC;1200401;1;97;317205;4752100;1492.07;7;1;25;3;44.0
2023;7;AC;1200401;1;97;317210;6621502;2665.0;7;1;33;6;44.0
2023;7;AC;1200401;1;97;212410;7311400;1800.0;7;1;26;6;44.0
2023;7;AC;1200401;1;97;317205;7490104;1320.0;7;3;25;3;44.0
2023;7;AC;1200138;1;97;212405;7733100;4832.9;9;1;35;4;44.0
2023;7;AC;1200138;1;97;317210;7733100;2966.0;9;1;27;4;44.0
2023;7;AC;1200401;1;97;317210;7820500;2966.0;7;1;36;6;44.0
2023;7;AC;1200401;1;97;317120;8121400;2295.0;9;1;23;3;44.0
2023;7;AC;1200401;1;97;317210;8513900;1800.0;9;1;33;3;44.0
2023;7;AC;1200401;1;97;212410;8531700;1942.11;8;1;23;1;44.0
2023;7;AC;1200401;1;97;317210;9511800;1320.0;8;1;25;2;44.0
2023;8;AC;1200401;-1;31;212410;4321500;1650.0;7;1;26;3;44.0
2023;8;AC;1200401;-1;31;317210;4511101;1600.0;7;1;31;6;44.0
2023;8;AC;1200401;-1;31;212405;4619200;1500.0;9;1;23;6;40.0
2023;8;AC;1200401;-1;31;317205;4751201;1500.0;7;1;30;6;44.0
2023;8;AC;1200401;-1;31;317110;4751201;1320.0;7;1;20;6;44.0
2023;8;AC;1200203;-1;31;317210;6130200;1400.0;7;1;27;6;44.0
2023;8;AC;1200401;-1;31;317120;8121400;2295.0;7;3;20;3;44.0
2023;8;AC;1200500;-1;40;317210;6130200;1500.0;7;1;32;6;44.0
2023;8;AC;1200138;-1;40;317105;7733100;4068.3301;9;1;23;3;44.0
2023;8;AC;1200138;-1;40;212405;7733100;4832.8999;9;3;29;6;44.0
2023;8;AC;1200401;-1;43;317110;8531700;8000.0;9;1;41;6;40.0
2023;8;AC;1200401;1;97;212410;4321500;1700.0;9;1;31;3;44.0
2023;8;AC;1200401;1;97;212420;4751201;1700.0;9;1;23;4;44.0
2023;8;AC;1200203;1;97;317210;6130200;1320.0;7;1;21;3;44.0
2023;8;AC;1200401;1;97;212405;7020400;6276.27;80;1;35;6;40.0
2023;8;AC;1200401;1;97;212405;7020400;6276.27;9;1;25;6;40.0
2023;8;AC;1200401;1;97;212405;7020400;9700.21;80;1;26;6;40.0
2023;8;AC;1200401;1;97;212410;7311400;1800.0;7;1;20;6;44.0
2023;8;AC;1200138;1;97;212405;7733100;4832.8999;9;3;28;4;44.0
2023;8;AC;1200138;1;97;317105;7733100;4068.3301;7;1;23;6;44.0
2023;8;AC;1200138;1;97;317210;7733100;2966.0;9;1;29;4;44.0
2023;8;AC;1200138;1;97;212420;7733100;3184.73;7;1;32;4;44.0
2023;8;AC;1200401;1;97;317210;8640210;2200.0;9;1;29;3;44.0
2023;9;AC;1200401;-1;31;212420;4751201;2363.46;7;1;42;6;44.0
2023;9;AC;1200138;-1;31;212405;7733100;4832.8999;9;1;28;6;44.0
2023;9;AC;1200401;-1;31;317210;8640205;1468.0;7;1;27;3;44.0
2023;9;AC;1200500;-1;40;317210;6130200;1500.0;7;1;20;3;44.0
2023;9;AC;1200401;-1;43;317210;6621502;2665.0;7;1;33;6;44.0
2023;9;AC;1200401;-1;43;317210;9511800;1320.0;8;1;26;2;44.0
2023;9;AC;1200401;-1;90;212420;8211300;2992.51;9;1;35;1;44.0
2023;9;AC;1200401;1;97;212410;4321500;1650.0;9;1;27;1;44.0
2023;9;AC;1200401;1;97;317210;6399200;1500.0;7;3;32;3;44.0
2023;9;AC;1200401;1;97;317210;6399200;2000.0;7;1;36;3;44.0
2023;9;AC;1200138;1;97;317105;7733100;4068.3301;9;1;37;6;44.0
2023;9;AC;1200401;1;97;317205;8020001;1800.0;7;1;22;6;44.0
2023;9;AC;1200401;1;97;212420;8211300;2992.51;9;1;26;2;44.0
2023;9;AC;1200401;1;97;317210;9511800;1320.0;9;1;24;1;44.0
2023;10;AC;1200138;1;97;212405;7733100;4832.9;9;1;30;6;44.0
2023;10;AC;1200138;-1;40;212420;7733100;3184.73;7;1;40;6;44.0
2023;10;AC;1200203;1;97;317205;5829800;1320.0;7;1;21;3;44.0
2023;10;AC;1200203;1;97;317205;5829800;1320.0;7;3;30;3;44.0
2023;10;AC;1200203;-1;40;317210;6190601;1650.0;7;1;26;3;44.0
2023;10;AC;1200203;-1;40;317205;6190601;1688.0;7;1;33;6;44.0
2023;10;AC;1200203;1;97;317210;6190601;1320.0;7;3;19;3;44.0
2023;10;AC;1200203;1;97;212405;6204000;3400.0;9;1;25;3;44.0
2023;10;AC;1200401;1;97;317205;4753900;1320.0;7;3;41;6;44.0
2023;10;AC;1200401;-1;31;317205;5320201;1320.0;7;1;26;3;44.0
2023;10;AC;1200401;1;97;317110;6209100;1400.0;7;1;21;1;44.0
2023;10;AC;1200401;1;97;317110;6209100;1320.0;7;1;25;1;44.0
2023;10;AC;1200401;1;97;317110;7820500;2295.0;7;1;35;6;44.0
2023;10;AC;1200401;1;97;212405;8220200;3960.0;9;1;25;3;44.0
2023;10;AC;1200401;1;97;212405;8220200;3960.0;9;3;26;1;44.0
2023;10;AC;1200401;1;97;212405;8220200;5280.0;9;1;24;3;44.0
2023;10;AC;1200401;-1;31;212405;8220200;3960.0;9;1;25;3;44.0
2023;10;AC;1200401;1;97;212405;8220200;3960.0;9;1;27;3;44.0
2023;10;AC;1200401;-1;31;212405;8220200;5280.0;9;1;24;3;44.0
2023;10;AC;1200401;-1;31;212405;8220200;3960.0;9;1;27;3;44.0
2023;10;AC;1200401;-1;31;212405;8220200;3960.0;9;3;27;1;44.0
2023;10;AC;1200401;-1;43;317210;8531700;2260.0;7;1;26;6;40.0
2023;10;AC;1200401;-1;43;317210;8531700;2260.0;7;1;21;6;40.0
2023;10;AC;1200401;1;97;212405;9430800;1500.0;7;1;22;3;44.0
2023;10;AC;1200500;-1;40;317210;6130200;1500.0;7;1;22;6;44.0
2023;11;AC;1200401;-1;31;212315;7112000;1600.0;9;3;38;6;44.0
2023;11;AC;1200401;-1;40;317110;6204000;1600.0;9;3;23;2;44.0
2023;11;AC;1200401;-1;40;317210;6621502;2798.0;9;1;39;6;44.0
2023;11;AC;1200401;-1;40;212410;8531700;1942.11;9;1;29;6;44.0
2023;11;AC;1200203;-1;43;317210;6190601;1320.0;7;3;19;3;44.0
2023;11;AC;1200401;-1;43;317210;6399200;1500.0;7;3;32;3;44.0
2023;11;AC;1200104;-1;90;317205;4711302;1750.0;9;1;39;6;44.0
2023;11;AC;1200401;1;97;212405;4530703;1320.0;7;1;34;6;44.0
2023;11;AC;1200500;1;97;317210;6130200;1500.0;7;1;44;6;44.0
2023;11;AC;1200500;1;97;317210;6130200;1700.0;7;1;32;6;44.0
2023;11;AC;1200401;1;97;317210;6621502;2798.0;7;1;28;6;44.0
2023;11;AC;1200401;1;97;317210;6920601;1320.0;9;1;31;2;44.0
2023;11;AC;1200138;1;97;317205;7733100;2100.0;7;1;22;6;44.0
2023;11;AC;1200203;1;97;317210;8532500;1800.0;7;1;21;1;44.0
2023;11;AC;1200401;1;97;317105;9420100;660.0;6;1;19;3;20.0
2023;11;AC;1200401;1;97;317105;9420100;660.0;6;1;18;3;20.0
2023;11;AC;1200401;1;97;317105;9420100;660.0;6;1;17;3;20.0
2023;11;AC;1200401;1;97;317105;9420100;660.0;6;3;18;3;20.0
2023;11;AC;1200401;1;97;317105;9420100;660.0;4;3;17;3;20.0
2023;11;AC;1200401;1;97;317105;9420100;660.0;6;3;17;3;20.0
2023;11;AC;1200401;1;97;317105;9420100;660.0;4;1;17;3;20.0
2023;11;AC;1200401;1;97;317105;9420100;660.0;4;1;18;3;20.0
2023;11;AC;1200401;1;97;317105;9420100;660.0;4;1;18;3;20.0
2023;12;AC;1200401;-1;31;212310;4120400;2536.83;8;1;23;3;44.0
2023;12;AC;1200401;-1;31;317205;4751201;1500.0;7;1;43;6;44.0
2023;12;AC;1200401;-1;31;317205;4752100;1492.07;7;3;30;3;44.0
2023;12;AC;1200401;-1;31;317205;5320201;1320.0;7;1;21;3;44.0
2023;12;AC;1200500;-1;31;317210;6130200;1500.0;7;1;23;6;44.0
2023;12;AC;1200401;-1;31;317210;6621502;2798.0;7;1;27;6;44.0
2023;12;AC;1200401;-1;31;212420;8121400;2295.0;9;1;23;3;44.0
2023;12;AC;1200401;-1;31;317210;8513900;2200.0;8;1;25;6;44.0
2023;12;AC;1200401;-1;40;317210;6399200;2000.0;9;1;21;3;44.0
2023;12;AC;1200138;-1;40;317205;7733100;2100.0;9;1;26;3;44.0
2023;12;AC;1200401;-1;40;317205;9420100;660.0;4;3;19;3;20.0
2023;12;AC;1200401;1;97;317110;0151201;2500.0;7;1;21;3;44.0
2023;12;AC;1200401;1;97;212420;4772500;1800.0;9;1;24;6;44.0
2023;12;AC;1200500;1;97;317210;6130200;1500.0;7;1;23;6;44.0
2023;12;AC;1200203;1;97;317210;6190601;1320.0;7;3;28;3;44.0
2023;12;AC;1200401;1;97;317210;6399200;1320.0;7;3;19;3;44.0
2023;12;AC;1200138;1;97;212405;7733100;4832.9;9;3;35;3;44.0
2023;12;AC;1200138;1;97;317210;7733100;2966.0;8;1;20;3;44.0
2023;12;AC;1200138;1;97;317205;7733100;2100.0;7;1;22;3;44.0
2023;12;AC;1200401;1;97;317205;9420100;660.0;4;1;21;3;20.0
2023;12;AC;1200401;1;97;317205;9420100;660.0;6;1;19;3;20.0
2023;12;AC;1200401;1;97;317205;9420100;660.0;6;3;15;3;20.0
2023;12;AC;1200401;1;97;317205;9420100;660.0;4;3;19;3;20.0
2023;12;AC;1200401;1;97;317205;9420100;660.0;4;1;19;3;20.0
2023;12;AC;1200401;1;97;317205;9420100;660.0;4;1;19;3;20.0
2023;12;AC;1200401;1;97;317205;9420100;660.0;4;1;18;3;20.0
2023;12;AC;1200401;1;97;317205;9420100;660.0;6;1;18;3;20.0
2023;12;AC;1200401;1;97;317205;9420100;660.0;4;3;15;3;20.0
2023;12;AC;1200401;1;97;317205;9420100;660.0;4;3;18;3;20.0
2023;12;AC;1200401;1;97;317105;9420100;660.0;6;1;17;3;20.0
2023;12;AC;1200401;1;97;317105;9420100;660.0;4;3;14;3;20.0
2023;12;AC;1200401;1;97;317205;9420100;660.0;4;3;14;3;20.0
2024;1;AC;1200401;-1;31;317210;6110803;1412.0;9;3;25;3;44.0
2024;1;AC;1200401;-1;31;317210;6424703;3640.0;9;1;36;3;40.0
2024;1;AC;1200401;-1;40;212420;4511101;1737.0;7;1;28;3;44.0
2024;1;AC;1200401;-1;40;317205;4753900;1412.0;7;3;41;3;44.0
2024;1;AC;1200401;-1;40;317210;4772500;2015.71;9;1;28;1;44.0
2024;1;AC;1200500;-1;40;317210;6130200;1700.0;7;1;32;3;44.0
2024;1;AC;1200401;-1;40;317110;6201501;1412.0;7;1;56;3;44.0
2024;1;AC;1200401;-1;40;317105;6209100;4068.33;9;1;24;3;44.0
2024;1;AC;1200401;-1;40;212410;6209100;1400.0;8;1;21;3;44.0
2024;1;AC;1200401;-1;40;317205;6209100;3500.0;9;1;40;6;44.0
2024;1;AC;1200401;-1;40;317210;8513900;1800.0;9;1;33;3;44.0
2024;1;AC;1200401;-1;40;212420;8531700;2378.61;9;1;33;1;44.0
2024;1;AC;1200401;-1;40;317205;9420100;706.0;4;3;15;3;20.0
2024;1;AC;1200401;1;97;317210;4691500;1650.0;8;1;30;3;44.0
2024;1;AC;1200203;1;97;317210;4753900;1412.0;7;3;24;3;44.0
2024;1;AC;1200401;1;97;317210;4772500;1900.0;9;1;31;3;44.0
2024;1;AC;1200401;1;97;212405;6209100;4832.9;9;1;29;3;44.0
2024;1;AC;1200401;1;97;317205;6209100;2100.0;7;1;19;3;44.0
2024;1;AC;1200401;1;97;317105;6209100;4068.33;9;3;26;3;44.0
2024;1;AC;1200203;1;97;212410;6424703;4500.0;9;1;28;2;40.0
2024;1;AC;1200401;1;97;317210;6424703;3600.0;8;1;39;3;40.0
2024;1;AC;1200401;1;97;317210;6550200;3236.5;9;1;33;1;44.0
2024;1;AC;1200401;1;97;212410;7311400;1600.0;7;1;24;3;44.0
2024;1;AC;1200401;1;97;212420;8211300;3142.14;9;1;28;1;44.0
2024;1;AC;1200401;1;97;212405;8550302;3927.0;9;1;34;3;40.0
2024;1;AC;1200401;1;97;317205;9420100;706.0;8;3;18;3;20.0
2024;1;AC;1200401;1;97;317210;9420100;2823.0;9;1;23;1;40.0
2024;1;AC;1200401;1;97;317205;9420100;706.0;4;3;14;3;20.0
2024;1;AC;1200401;1;97;317205;9420100;706.0;6;1;17;3;20.0
2024;2;AC;1200104;1;97;317110;1011201;706.2;7;3;14;3;22.0
2024;2;AC;1200203;1;97;317110;1011201;706.2;6;1;17;3;22.0
2024;2;AC;1200385;1;97;317110;1011201;706.2;6;1;18;3;22.0
2024;2;AC;1200385;1;97;317110;1011201;706.2;6;1;14;3;22.0
2024;2;AC;1200401;-1;31;317110;0151201;2500.0;7;1;21;3;44.0
2024;2;AC;1200401;1;97;317110;1011201;705.1;7;3;18;3;22.0
2024;2;AC;1200401;1;97;317110;1011201;705.1;6;1;18;3;22.0
2024;2;AC;1200401;1;97;317110;1011201;705.1;7;3;19;3;22.0
2024;2;AC;1200401;1;97;317110;1011201;705.1;7;1;20;3;22.0
2024;2;AC;1200401;1;97;317110;1011201;705.1;7;1;19;3;22.0
2024;2;AC;1200401;1;97;317110;1011201;705.1;8;3;19;3;22.0
2024;2;AC;1200401;1;97;317110;1011201;705.1;7;3;18;3;22.0
2024;2;AC;1200401;1;97;317110;1011201;705.1;8;3;18;3;22.0
2024;2;AC;1200401;1;97;317110;1011201;705.1;7;1;18;3;22.0
2024;2;AC;1200401;1;97;317110;1011201;705.1;7;1;19;3;22.0
2024;2;AC;1200401;1;97;317110;1011201;705.1;7;3;18;3;22.0
2024;2;AC;1200401;1;97;317110;1092900;706.0;7;3;18;3;20.0
2024;2;AC;1200401;1;97;317110;1092900;706.0;6;3;15;3;20.0
2024;2;AC;1200401;1;97;317110;1092900;706.0;6;3;16;3;20.0
2024;2;AC;1200401;1;97;317110;1092900;706.0;7;3;17;3;20.0
2024;2;AC;1200401;1;97;317110;1092900;706.0;6;1;17;3;20.0
2024;2;AC;1200401;1;97;317105;4120400;642.0;6;1;15;3;20.0
2024;2;AC;1200401;1;97;317110;4120400;706.0;4;3;14;3;44.0
2024;2;AC;1200401;1;97;212405;4120400;1600.0;7;1;36;6;44.0
2024;2;AC;1200401;1;97;317110;4120400;706.0;4;1;14;3;44.0
2024;2;AC;1200401;-1;31;212410;4321500;1650.0;7;1;30;1;44.0
2024;2;AC;1200401;1;97;317105;4691500;706.0;4;1;15;3;22.0
2024;2;AC;1200401;1;97;317105;4691500;706.0;4;3;14;3;22.0
2024;2;AC;1200401;1;97;317110;4744099;706.0;6;1;15;3;44.0
2024;2;AC;1200401;1;97;317210;4751201;1412.0;7;1;26;3;44.0
2024;2;AC;1200401;1;97;317110;4930202;706.0;6;1;16;3;44.0
2024;2;AC;1200401;-1;31;212310;5320201;1412.0;7;1;29;3;44.0
2024;2;AC;1200401;-1;31;317205;5320201;1412.0;7;1;20;3;44.0
2024;2;AC;1200401;1;97;317110;6201501;1412.0;8;1;20;1;44.0
2024;2;AC;1200401;-1;40;212405;6209100;7616.57;8;1;23;3;44.0
2024;2;AC;1200401;-1;31;212405;6209100;4832.9;80;1;26;6;44.0
2024;2;AC;1200401;1;97;317205;6209100;3500.0;7;1;49;1;44.0
2024;2;AC;1200401;-1;43;317105;6209100;4068.33;9;3;26;2;44.0
2024;2;AC;1200401;-1;40;317205;8020001;1500.0;7;1;23;1;44.0
2024;2;AC;1200401;-1;31;212405;8211300;2000.0;10;1;29;6;44.0
2024;2;AC;1200401;-1;31;212420;8211300;3142.14;9;1;44;6;44.0
2024;2;AC;1200401;1;97;212410;8531700;1942.11;9;1;28;2;44.0
2024;2;AC;1200401;-1;31;212410;8610101;2000.0;7;1;36;6;44.0
2024;2;AC;1200401;1;97;317210;9511800;1412.0;7;1;27;3;44.0
2024;2;AC;1200500;1;97;317110;1011201;6.42;6;3;14;3;22.0
2024;2;AC;1200500;1;97;317110;1011201;706.2;6;3;15;3;22.0
2024;3;AC;1200203;-1;31;317210;6190601;1412.0;7;3;24;6;44.0
2024;3;AC;1200401;-1;31;212420;6209100;1818.0;7;1;24;6;44.0
2024;3;AC;1200401;-1;31;317210;6399200;3182.7;8;3;31;1;44.0
2024;3;AC;1200013;-1;31;317110;6912500;1500.0;7;1;21;1;44.0
2024;3;AC;1200401;-1;31;212405;7319004;6400.0;9;1;29;3;44.0
2024;3;AC;1200401;-1;40;212405;6209100;4832.9;9;3;28;6;44.0
2024;3;AC;1200401;-1;40;317210;6399200;2060.0;7;1;37;3;44.0
2024;3;AC;1200401;-1;40;317210;8512100;1585.84;7;1;20;3;44.0
2024;3;AC;1200401;-1;40;317210;8640210;2200.0;9;1;30;3;44.0
2024;3;AC;1200252;-1;43;317110;7711000;660.0;7;1;16;3;20.0
2024;3;AC;1200203;1;97;317210;4753900;1412.0;7;3;28;3;44.0
2024;3;AC;1200203;1;97;317210;4753900;1412.0;7;3;20;3;44.0
2024;3;AC;1200104;1;97;317210;4781400;1000.0;6;1;16;3;24.0
2024;3;AC;1200401;1;97;212405;6209100;4832.9;9;1;29;3;44.0
2024;3;AC;1200401;1;97;317105;6209100;3510.21;9;1;23;6;44.0
2024;3;AC;1200401;1;97;212405;6209100;7616.57;7;1;30;3;44.0
2024;3;AC;1200401;1;97;212405;6209100;4832.9;9;3;35;3;44.0
2024;3;AC;1200401;1;97;212405;8411600;3500.0;9;1;45;3;44.0
2024;3;AC;1200401;1;97;317210;8512100;2000.0;7;1;27;3;44.0
2024;3;AC;1200401;1;97;317115;8640205;1560.0;7;1;28;3;44.0
2024;3;AC;1200401;1;97;317205;9420100;706.0;6;1;17;3;20.0
2024;4;AC;1200401;1;97;317110;4751201;2455.0;7;1;42;1;44.0
2024;4;AC;1200401;-1;31;212420;4751201;2700.0;9;1;24;4;44.0
2024;4;AC;1200401;1;97;212405;6209100;1412.0;7;3;29;3;44.0
2024;4;AC;1200401;1;97;212420;6209100;3184.73;9;1;32;3;44.0
2024;4;AC;1200401;1;97;212405;6209100;1500.0;7;1;25;3;44.0
2024;4;AC;1200401;-1;31;212420;6209100;3184.73;9;1;36;4;44.0
2024;4;AC;1200401;1;97;317210;6399200;2060.0;7;1;37;2;44.0
2024;4;AC;1200401;-1;31;317210;6920601;1412.0;9;1;32;2;44.0
2024;4;AC;1200401;-1;31;212420;8211300;3267.21;7;1;41;1;44.0
2024;4;AC;1200401;-1;40;212405;8211300;2750.0;9;1;23;1;44.0
2024;4;AC;1200401;1;97;317210;8220200;2295.0;8;1;22;3;44.0
2024;4;AC;1200401;1;97;317205;9420100;706.0;4;3;14;3;20.0
2024;4;AC;1200450;1;97;212420;1011201;1460.0;7;1;20;3;44.0
2024;5;AC;1200500;-1;31;317210;6130200;1500.0;7;1;26;3;44.0
2024;5;AC;1200203;-1;31;317210;6130200;1412.0;7;1;21;3;44.0
2024;5;AC;1200401;-1;31;212405;6209100;4832.9;9;3;31;3;44.0
2024;5;AC;1200401;-1;31;317205;6209100;2100.0;7;1;19;3;44.0
2024;5;AC;1200401;-1;31;317110;7820500;2295.0;7;1;52;3;44.0
2024;5;AC;1200401;-1;31;212320;8299799;3734.53;9;1;44;6;44.0
2024;5;AC;1200401;-1;31;212310;8299799;3734.53;9;1;38;6;44.0
2024;5;AC;1200401;-1;31;212315;8299799;3734.53;9;3;28;1;44.0
2024;5;AC;1200500;-1;40;317210;6130200;1700.0;9;1;44;3;44.0
2024;5;AC;1200401;-1;40;317210;6399200;2400.0;9;1;25;1;44.0
2024;5;AC;1200401;-1;40;317210;8220200;1613.33;7;1;24;3;44.0
2024;5;AC;1200401;1;97;317210;4691500;1412.0;7;1;31;3;44.0
2024;5;AC;1200401;1;97;317205;4711301;1579.0;7;1;26;3;44.0
2024;5;AC;1200104;1;97;317210;4781400;1412.0;7;1;29;3;44.0
2024;5;AC;1200500;1;97;317210;6130200;1500.0;7;1;21;3;44.0
2024;5;AC;1200203;1;97;317210;6130200;1412.0;9;3;31;3;44.0
2024;5;AC;1200500;1;97;317210;6130200;1500.0;7;1;22;3;44.0
2024;5;AC;1200500;1;97;317210;6130200;1500.0;7;1;23;3;44.0
2024;5;AC;1200401;1;97;212405;6209100;4832.9;9;3;26;2;44.0
2024;5;AC;1200401;1;97;317205;6209100;2100.0;7;1;19;1;44.0
2024;5;AC;1200401;1;97;317210;6424703;3049.25;9;1;26;3;40.0
2024;6;AC;1200401;-1;31;212405;4530703;1622.0;9;1;46;3;11.0
2024;6;AC;1200401;-1;31;317210;4751201;1412.0;9;1;26;3;44.0
2024;6;AC;1200203;-1;31;317210;4753900;1412.0;7;3;20;3;44.0
2024;6;AC;1200609;-1;31;317110;4771701;1412.0;7;1;25;3;44.0
2024;6;AC;1200401;-1;31;317210;6399200;1412.0;9;3;37;3;44.0
2024;6;AC;1200401;-1;31;317205;6920601;1412.0;8;1;20;6;44.0
2024;6;AC;1200401;-1;31;212410;7112000;2311.32;8;1;30;3;44.0
2024;6;AC;1200401;-1;40;317110;1011201;705.1;8;3;19;3;22.0
2024;6;AC;1200401;-1;40;212310;4781400;2000.0;7;1;39;1;44.0
2024;6;AC;1200401;-1;40;212405;6209100;4832.9;9;1;31;3;44.0
2024;6;AC;1200401;-1;40;212420;6209100;1863.0;7;1;33;1;44.0
2024;6;AC;1200401;-1;40;317210;8220200;1669.8;7;1;24;3;44.0
2024;6;AC;1200401;-1;40;317105;9420100;706.0;4;1;18;3;20.0
2024;6;AC;1200203;-1;43;317210;6130200;1412.0;9;3;31;3;44.0
2024;6;AC;1200104;1;97;317210;1012103;2265.92;8;1;30;3;44.0
2024;6;AC;1200401;1;97;317210;4643501;1412.0;8;1;38;3;44.0
2024;6;AC;1200203;1;97;317210;4753900;1412.0;7;3;27;3;44.0
2024;6;AC;1200203;1;97;317210;4753900;1412.0;7;3;21;3;44.0
2024;6;AC;1200203;1;97;317205;5829800;1412.0;7;1;21;3;44.0
2024;6;AC;1200401;1;97;317210;6399200;1412.0;9;3;37;3;44.0
2024;6;AC;1200401;1;97;212405;8599699;5958.0;9;1;28;3;40.0
2024;6;AC;1200401;1;97;212405;8599699;4084.0;9;1;26;1;40.0
2024;6;AC;1200401;1;97;212410;8610101;2000.0;9;1;48;3;44.0
2024;7;AC;1200401;-1;31;317205;4711301;1579.0;7;1;24;3;44.0
2024;7;AC;1200401;-1;31;317205;4751201;1700.0;8;1;26;1;44.0
2024;7;AC;1200609;-1;31;212405;4751201;1412.0;7;1;32;3;44.0
2024;7;AC;1200401;-1;40;317110;1011201;705.1;7;1;18;3;22.0
2024;7;AC;1200203;-1;40;317210;4753900;1412.0;7;3;27;3;44.0
2024;7;AC;1200104;-1;40;317210;4781400;1412.0;8;1;30;3;44.0
2024;7;AC;1200401;-1;40;212410;6021700;2580.15;9;1;38;3;44.0
2024;7;AC;1200500;-1;40;317210;6130200;1500.0;7;1;22;3;44.0
2024;7;AC;1200450;-1;43;212420;1011201;1460.0;7;1;21;3;44.0
2024;7;AC;1200401;1;97;317110;1011201;705.1;7;3;20;3;22.0
2024;7;AC;1200401;1;97;317110;1011201;705.1;7;3;20;3;22.0
2024;7;AC;1200104;1;97;317210;1012103;2265.92;9;1;55;3;44.0
2024;7;AC;1200104;1;97;317110;4647801;900.0;7;1;27;3;22.0
2024;7;AC;1200401;1;97;317205;4751201;1700.0;8;1;26;1;44.0
2024;7;AC;1200401;1;97;317205;4751201;1500.0;7;1;23;3;44.0
2024;7;AC;1200401;1;97;212420;4751201;2700.0;7;1;23;3;44.0
2024;7;AC;1200401;1;97;317210;6110803;1482.6;7;1;23;3;44.0
2024;7;AC;1200500;1;97;317210;6130200;1500.0;9;1;22;3;44.0
2024;7;AC;1200500;1;97;317210;6130200;1500.0;7;1;33;3;44.0
2024;7;AC;1200500;1;97;317210;6130200;1500.0;7;1;19;3;44.0
2024;7;AC;1200401;1;97;212420;6209100;3184.73;9;3;33;1;44.0
2024;7;AC;1200401;1;97;317210;6399200;1412.0;7;1;20;3;44.0
2024;7;AC;1200401;1;97;317210;6399200;1412.0;7;3;52;3;44.0
2024;7;AC;1200401;1;97;317110;7820500;2295.0;7;1;28;3;44.0
2024;7;AC;1200401;1;97;317205;9420100;706.0;6;1;17;3;20.0
2024;7;AC;1200401;1;97;317205;9420100;706.0;7;1;20;3;20.0
2024;7;AC;1200401;1;97;317205;9420100;706.0;4;3;14;3;20.0
2024;7;AC;1200401;1;97;317205;9420100;706.0;6;1;17;3;20.0
2024;7;AC;1200401;1;97;317205;9420100;706.0;4;1;17;3;20.0
2024;7;AC;1200401;1;97;317205;9420100;706.0;7;3;21;3;20.0
2024;7;AC;1200401;1;97;317205;9420100;706.0;5;3;20;3;20.0
2024;7;AC;1200401;1;97;317205;9420100;706.0;5;1;17;3;20.0
2024;7;AC;1200401;1;97;317205;9420100;706.0;4;1;19;3;20.0
2024;7;AC;1200401;1;97;317205;9420100;706.0;5;3;22;3;20.0
2024;7;AC;1200401;1;97;317205;9420100;706.0;7;1;19;3;20.0
2024;7;AC;1200401;1;97;317205;9420100;706.0;6;1;18;3;20.0
2024;7;AC;1200401;1;97;317205;9420100;706.0;4;1;15;3;20.0
2024;7;AC;1200401;1;97;317205;9420100;706.0;6;3;16;3;20.0
2024;7;AC;1200401;1;97;317205;9420100;706.0;4;1;14;3;20.0
2024;8;AC;1200401;-1;31;317210;6621502;2966.0;9;1;43;3;44.0
2024;8;AC;1200401;-1;31;317210;6621502;2966.0;7;1;28;6;44.0
2024;8;AC;1200401;-1;31;317210;6621502;2966.0;7;1;31;6;44.0
2024;8;AC;1200401;-1;31;317110;7020400;5342.23;9;1;27;1;44.0
2024;8;AC;1200401;-1;31;317210;7820500;2995.66;9;1;28;6;44.0
2024;8;AC;1200401;-1;31;317210;9491000;1800.0;7;1;44;3;44.0
2024;8;AC;1200401;-1;40;317110;1011201;705.1;7;3;19;3;22.0
2024;8;AC;1200401;-1;40;317210;4711301;1638.62;9;1;26;3;44.0
2024;8;AC;1200401;-1;40;212410;6110803;2540.0;8;1;22;3;44.0
2024;8;AC;1200401;-1;40;212420;6209100;3184.73;9;3;33;1;44.0
2024;8;AC;1200401;-1;40;317105;6209100;3510.21;9;1;23;6;44.0
2024;8;AC;1200401;-1;40;317210;6399200;1412.0;7;3;52;3;44.0
2024;8;AC;1200401;-1;40;212410;7311400;1800.0;8;1;21;1;44.0
2024;8;AC;1200401;-1;40;317205;9420100;706.0;7;3;21;1;20.0
2024;8;AC;1200401;-1;40;317205;9420100;706.0;7;3;18;3;20.0
2024;8;AC;1200401;-1;43;317205;4751201;1500.0;7;1;23;3;44.0
2024;8;AC;1200401;1;97;212420;4751201;2700.0;9;3;22;1;44.0
2024;8;AC;1200401;1;97;317205;4751201;1500.0;7;1;39;3;44.0
2024;8;AC;1200401;1;97;317210;6399200;1412.0;8;1;21;3;44.0
2024;8;AC;1200401;1;97;317210;8299799;1600.0;8;1;24;3;44.0
2024;8;AC;1200401;1;97;212405;8599699;4084.0;9;1;27;3;40.0
2024;8;AC;1200401;1;97;317105;9420100;706.0;4;3;16;3;20.0
2024;8;AC;1200401;1;97;317105;9420100;706.0;7;1;21;3;20.0
2024;8;AC;1200401;1;97;317105;9420100;706.0;4;1;21;3;20.0
2024;9;AC;1200203;1;97;317210;4753900;1412.0;7;3;19;3;44.0
2024;9;AC;1200203;1;97;317210;4753900;1412.0;7;3;39;3;44.0
2024;9;AC;1200401;1;97;317205;4110700;1950.0;9;1;23;3;44.0
2024;9;AC;1200401;-1;43;317105;4313400;706.0;6;1;16;3;22.0
2024;9;AC;1200401;1;97;212410;4321500;1700.0;8;1;26;3;44.0
2024;9;AC;1200401;1;97;317210;4711301;1638.62;9;1;27;1;44.0
2024;9;AC;1200401;-1;43;317110;4930202;706.0;7;1;16;3;20.0
2024;9;AC;1200401;-1;43;317110;4930202;706.0;7;1;17;3;20.0
2024;9;AC;1200401;-1;31;212410;6120501;2230.6;9;1;30;4;40.0
2024;9;AC;1200401;-1;40;212405;6209100;7616.57;9;1;30;1;44.0
2024;9;AC;1200401;-1;40;317205;6209100;2100.0;7;1;23;3;44.0
2024;9;AC;1200401;1;97;212420;6209100;3184.73;9;3;44;3;44.0
2024;9;AC;1200401;-1;43;317110;6810203;706.0;6;1;17;3;20.0
2024;9;AC;1200401;-1;43;317110;6810203;706.0;6;1;18;3;20.0
2024;9;AC;1200401;1;97;212315;8211300;4936.8;7;1;35;3;44.0
2024;9;AC;1200401;1;97;212315;8211300;4936.8;80;1;39;3;44.0
2024;9;AC;1200401;1;97;212315;8211300;4936.8;9;1;32;3;44.0
2024;9;AC;1200401;1;97;317210;8220200;1976.8;7;1;22;3;44.0
2024;9;AC;1200401;1;97;212405;8220200;7060.0;9;1;30;4;44.0
2024;9;AC;1200401;-1;40;317210;8299799;1600.0;8;1;24;3;44.0
2024;9;AC;1200401;1;97;212315;8531700;262.6;9;1;37;2;2.0
2024;9;AC;1200401;-1;40;317205;9420100;706.0;5;3;21;3;20.0
2024;9;AC;1200401;-1;40;317205;9420100;706.0;6;1;17;3;20.0
2024;9;AC;1200401;-1;40;317205;9420100;706.0;4;3;14;3;20.0
2024;9;AC;1200401;-1;40;317205;9420100;706.0;4;3;19;3;20.0
2024;9;AC;1200401;-1;40;317205;9420100;706.0;4;1;19;3;20.0
2024;9;AC;1200401;-1;40;317105;9420100;706.0;4;3;18;3;20.0
2024;9;AC;1200401;-1;40;212310;9420100;2380.12;9;1;42;3;44.0
2024;9;AC;1200401;-1;40;317205;9420100;706.0;6;1;18;3;20.0
2024;9;AC;1200401;-1;40;317205;9420100;706.0;4;1;20;3;20.0
2024;9;AC;1200401;-1;40;317105;9420100;706.0;6;1;18;3;20.0
2024;9;AC;1200401;-1;40;317205;9420100;706.0;4;1;17;3;20.0
2024;9;AC;1200401;-1;40;317205;9420100;706.0;4;3;14;3;20.0
2024;9;AC;1200401;-1;40;317205;9420100;706.0;80;1;20;1;20.0
2024;9;AC;1200500;-1;31;317210;6130200;1700.0;7;1;24;3;44.0
2024;9;AC;1200500;1;97;317210;6130200;1700.0;7;1;24;3;44.0
2024;10;AC;1200203;-1;43;317210;4753900;1412.0;7;3;39;3;44.0
2024;10;AC;1200401;1;97;212410;4321500;1700.0;8;3;22;3;44.0
2024;10;AC;1200401;-1;31;212405;4530703;1412.0;7;1;35;6;44.0
2024;10;AC;1200401;1;97;317210;4639701;1412.0;7;1;22;1;44.0
2024;10;AC;1200401;1;97;317205;4751201;1700.0;7;3;20;3;44.0
2024;10;AC;1200401;-1;40;317205;4751201;1800.0;7;1;39;3;44.0
2024;10;AC;1200401;-1;40;212420;4772500;1988.0;9;1;25;1;44.0
2024;10;AC;1200401;1;97;212420;4772500;1800.0;7;1;31;3;44.0
2024;10;AC;1200401;1;97;317210;4772500;1900.0;9;1;31;1;44.0
2024;10;AC;1200401;1;97;212405;6201501;1420.0;8;3;24;3;44.0
2024;10;AC;1200401;-1;40;212420;6209100;3184.73;8;1;21;1;44.0
2024;10;AC;1200401;-1;31;317210;6399200;1648.0;8;1;31;3;44.0
2024;10;AC;1200401;-1;31;212410;7311400;1800.0;7;1;27;6;44.0
2024;10;AC;1200401;-1;31;212420;8211300;2520.0;7;1;37;6;44.0
2024;10;AC;1200401;1;97;212405;8220200;5648.0;9;1;25;3;44.0
2024;10;AC;1200401;1;97;317210;8220200;1976.8;9;1;28;1;44.0
2024;10;AC;1200401;1;97;317210;8220200;2363.85;7;1;43;3;44.0
2024;10;AC;1200401;1;97;212405;8220200;4236.0;9;1;23;1;44.0
2024;10;AC;1200401;1;97;212405;8220200;5648.0;8;1;21;1;44.0
2024;10;AC;1200401;1;97;212405;8220200;4236.0;9;1;20;1;44.0
2024;10;AC;1200401;1;97;317210;8220200;1976.8;7;1;29;3;44.0
2024;10;AC;1200401;1;97;212405;8220200;7060.0;9;1;29;3;44.0
2024;10;AC;1200401;1;97;212405;8220200;4236.0;8;1;22;3;44.0
2024;10;AC;1200401;1;97;212405;8220200;4236.0;7;1;22;1;44.0
2024;10;AC;1200401;-1;31;317210;8532500;4711.57;9;1;41;3;44.0
2024;10;AC;1200401;1;97;212305;8800600;1412.0;6;1;15;3;20.0
2024;10;AC;1200401;1;97;212305;8800600;1412.0;6;1;15;3;20.0
2024;10;AC;1200401;-1;40;317205;9420100;706.0;6;3;17;3;20.0
2024;10;AC;1200401;-1;43;317205;9420100;706.0;6;1;19;3;20.0
2024;10;AC;1200401;-1;40;317105;9420100;706.0;4;3;16;3;20.0
2024;10;AC;1200401;-1;43;317205;9420100;706.0;4;1;19;3;20.0
2024;10;AC;1200401;-1;40;317105;9420100;706.0;4;1;21;3;20.0
2024;10;AC;1200401;-1;40;317205;9420100;706.0;6;1;17;3;20.0
2024;10;AC;1200401;-1;43;317205;9420100;706.0;4;1;22;3;20.0
2024;10;AC;1200401;1;97;317205;9420100;706.0;7;1;19;3;20.0
2024;10;AC;1200401;-1;43;317205;9420100;706.0;6;3;16;3;20.0
2024;10;AC;1200401;-1;43;317205;9420100;706.0;4;3;15;3;20.0
2024;10;AC;1200401;1;97;212420;9511800;1412.0;9;1;25;3;44.0
2024;10;AC;1200500;1;97;317210;6130200;1700.0;7;1;22;3;44.0
2024;10;AC;1200500;-1;31;317210;6130200;1500.0;7;1;22;3;44.0
2024;10;AC;1200500;-1;31;317210;6130200;660.0;7;1;19;6;22.0
2024;10;AC;1200500;-1;31;317210;6130200;1500.0;7;1;33;3;44.0
2024;11;AC;1200401;-1;31;317205;4751201;1700.0;7;1;21;3;44.0
2024;11;AC;1200203;-1;31;317210;4753900;1412.0;7;3;25;3;44.0
2024;11;AC;1200401;-1;31;212405;8220200;5648.0;8;1;21;1;44.0
2024;11;AC;1200401;-1;40;212410;4321500;2500.0;9;1;22;3;44.0
2024;11;AC;1200401;-1;40;212420;6209100;2600.0;7;1;33;3;44.0
2024;11;AC;1200401;-1;40;212405;6550200;6060.0;9;1;41;6;44.0
2024;11;AC;1200401;-1;43;317205;4751201;1700.0;7;3;20;3;44.0
2024;11;AC;1200203;-1;43;317210;4753900;1412.0;7;3;19;3;44.0
2024;11;AC;1200104;1;97;317210;1012103;2265.92;7;3;21;2;44.0
2024;11;AC;1200401;1;97;212405;4530703;1412.0;7;1;18;3;44.0
2024;11;AC;1200401;1;97;317205;4751201;1700.0;7;1;21;3;44.0
2024;11;AC;1200401;1;97;317205;6120599;1542.29;7;3;42;3;44.0
2024;11;AC;1200500;1;97;317210;6130200;1700.0;7;1;19;3;44.0
2024;11;AC;1200500;1;97;317210;6130200;1700.0;7;1;33;3;44.0
2024;11;AC;1200203;1;97;212420;6190601;1470.0;7;1;21;2;44.0
2024;11;AC;1200401;1;97;317210;6209100;2995.66;8;3;22;2;44.0
2024;11;AC;1200401;1;97;212420;6209100;3184.73;9;3;24;3;44.0
2024;11;AC;1200401;1;97;212405;6550200;6000.0;9;1;37;1;44.0
2024;11;AC;1200401;1;97;212405;7120100;1618.48;7;3;19;1;44.0
2024;11;AC;1200807;1;97;212315;9312300;1412.0;7;1;47;3;48.0
2024;12;AC;1200401;-1;40;317110;1092900;748.36;7;3;18;3;20.0
2024;12;AC;1200401;-1;40;212420;4761003;2045.64;9;1;30;3;44.0
2024;12;AC;1200500;-1;40;317210;6130200;1700.0;7;1;22;3;44.0
2024;12;AC;1200401;-1;40;212405;6550200;4132.49;80;1;34;1;44.0
2024;12;AC;1200401;-1;43;317105;9420100;706.0;4;1;18;3;20.0
2024;12;AC;1200401;1;97;317110;1011201;3500.0;7;1;26;4;44.0
2024;12;AC;1200401;1;97;317210;4511104;2000.0;7;1;51;1;22.0
2024;12;AC;1200401;1;97;317210;4724500;1412.0;7;1;22;3;44.0
2024;12;AC;1200401;1;97;317210;6209100;3184.73;9;3;26;3;44.0
2024;12;AC;1200401;1;97;212405;8220200;5648.0;9;1;24;1;44.0
2024;12;AC;1200401;1;97;212410;8800600;6295.0;9;1;34;1;44.0
2024;12;AC;1200401;1;97;212405;8800600;6295.0;9;1;25;3;44.0
2025;1;AC;1200203;1;97;212420;6130200;1518.0;7;3;25;3;44.0
2025;1;AC;1200203;-1;31;212405;6204000;3400.0;9;1;26;3;44.0
2025;1;AC;1200401;1;97;212405;1610203;2000.0;7;1;19;1;44.0
2025;1;AC;1200401;-1;40;317210;4639701;1518.0;9;1;22;3;44.0
2025;1;AC;1200401;1;97;317210;4643501;1518.0;7;1;19;3;44.0
2025;1;AC;1200401;-1;31;212405;6209100;4832.9;80;1;32;2;44.0
2025;1;AC;1200401;-1;40;317210;6399200;1697.44;8;3;24;3;44.0
2025;1;AC;1200401;-1;31;317210;6399200;1518.0;8;1;21;3;44.0
2025;1;AC;1200401;-1;40;212410;7311400;1600.0;7;1;25;3;44.0
2025;1;AC;1200401;1;97;317210;8220200;1490.0;7;1;29;3;44.0
2025;1;AC;1200401;1;97;317210;8220200;1490.0;8;1;23;1;44.0
2025;1;AC;1200401;1;97;317210;8531700;4834.75;9;1;36;3;44.0
2025;1;AC;1200401;-1;40;317210;9511800;1617.0;7;1;28;3;44.0
2025;1;AC;1200401;1;97;317110;9521500;1518.0;7;1;54;3;44.0
2025;1;AC;1200500;-1;40;317210;6130200;1734.0;7;1;33;3;44.0
2025;1;AC;1200500;-1;40;317210;6130200;1518.0;7;1;19;3;44.0
2025;2;AC;1200203;1;97;317210;4321500;2000.0;7;1;18;3;45.0
2025;2;AC;1200203;-1;31;212420;4744099;1518.0;7;1;23;3;44.0
2025;2;AC;1200203;1;97;317110;8513900;3000.0;9;1;38;3;44.0
2025;2;AC;1200401;1;97;317110;1011201;780.0;7;3;18;3;22.0
2025;2;AC;1200401;-1;40;317110;1011201;759.0;7;1;20;3;22.0
2025;2;AC;1200401;1;97;317110;1011201;780.0;6;3;18;3;22.0
2025;2;AC;1200401;1;97;317110;1011201;780.0;7;3;18;3;22.0
2025;2;AC;1200401;1;97;317110;1011201;780.0;7;3;19;3;22.0
2025;2;AC;1200401;1;97;317110;1011201;780.0;9;3;18;3;22.0
2025;2;AC;1200401;1;97;317110;1011201;780.0;7;3;18;3;22.0
2025;2;AC;1200401;1;97;317110;1011201;780.0;6;3;18;3;22.0
2025;2;AC;1200401;-1;40;317110;1092900;759.0;6;1;18;3;20.0
2025;2;AC;1200401;1;97;317110;4120400;759.0;7;1;18;3;24.0
2025;2;AC;1200401;1;97;212410;4321500;1700.0;9;1;41;3;44.0
2025;2;AC;1200401;1;97;212320;4321500;3300.0;9;1;29;3;44.0
2025;2;AC;1200401;1;97;212420;4731800;3000.0;7;1;34;3;44.0
2025;2;AC;1200401;1;97;212420;4751201;1518.0;7;1;25;3;44.0
2025;2;AC;1200401;1;97;317205;4751201;1518.0;7;1;20;3;44.0
2025;2;AC;1200401;1;97;212410;4761001;3036.0;7;1;31;3;44.0
2025;2;AC;1200401;-1;31;317205;6209100;2100.0;7;3;19;3;44.0
2025;2;AC;1200401;-1;31;212405;6209100;4832.9;9;3;41;1;44.0
2025;2;AC;1200401;1;97;317110;6209100;1800.0;7;1;18;1;44.0
2025;2;AC;1200401;1;97;317210;6399200;2400.0;8;1;26;3;44.0
2025;2;AC;1200401;1;97;317210;6399200;1518.0;8;1;38;3;44.0
2025;2;AC;1200401;1;97;317110;6810203;759.0;6;1;14;3;20.0
2025;2;AC;1200401;1;97;317210;7820500;2995.66;80;3;30;3;44.0
2025;2;AC;1200401;-1;31;317110;7820500;2295.0;7;1;37;6;44.0
2025;2;AC;1200401;-1;31;317110;7820500;2295.0;9;1;29;3;44.0
2025;2;AC;1200401;1;97;317210;7820500;2995.66;8;1;21;3;44.0
2025;2;AC;1200401;-1;40;212315;8211300;4936.8;80;1;35;3;44.0
2025;2;AC;1200401;-1;31;212315;8211300;4936.8;9;1;33;3;44.0
2025;2;AC;1200401;-1;31;212315;8211300;4936.8;80;1;39;3;44.0
2025;2;AC;1200401;-1;40;317210;8220200;2363.85;7;1;23;3;44.0
2025;2;AC;1200401;1;97;317210;8220200;2363.85;7;1;24;3;44.0
2025;2;AC;1200401;1;97;317210;8220200;2363.85;9;1;21;3;44.0
2025;2;AC;1200401;1;97;317210;8532500;1664.0;9;1;35;3;44.0
2025;2;AC;1200401;-1;31;212420;8640206;2266.0;7;1;32;3;44.0
2025;2;AC;1200401;1;97;317110;9511800;2000.0;7;1;28;2;44.0
2025;2;AC;1200401;-1;31;317110;9511800;2250.0;8;3;25;4;44.0
2025;2;AC;1200401;-1;40;212420;9511800;1518.0;7;1;25;3;44.0
2025;3;AC;1200401;-1;31;212420;4751201;2700.0;9;3;30;1;44.0
2025;3;AC;1200401;-1;31;212420;4751201;2700.0;7;1;24;3;44.0
2025;3;AC;1200401;-1;31;212420;4751201;2190.1;7;1;33;3;44.0
2025;3;AC;1200401;-1;31;212420;4751201;2677.94;7;1;35;3;44.0
2025;3;AC;1200401;-1;31;212420;4751201;2700.0;9;3;23;1;44.0
2025;3;AC;1200104;-1;31;317210;5320202;1075.1;6;1;17;3;24.0
2025;3;AC;1200401;-1;31;212410;6110803;1700.0;9;1;28;1;36.0
2025;3;AC;1200401;-1;31;317210;6209100;2995.66;9;1;30;3;44.0
2025;3;AC;1200401;-1;31;212420;6209100;3184.73;9;1;21;3;44.0
2025;3;AC;1200401;-1;31;317210;7820500;2995.66;7;1;27;6;44.0
2025;3;AC;1200401;-1;31;212405;8219999;1518.0;7;1;19;3;44.0
2025;3;AC;1200401;-1;31;317115;8640205;1560.0;7;1;29;3;44.0
2025;3;AC;1200203;-1;40;317205;5829800;1518.0;7;1;22;3;44.0
2025;3;AC;1200401;-1;40;212405;6209100;4832.9;7;3;45;3;44.0
2025;3;AC;1200401;-1;40;212410;8531700;2120.84;80;1;29;3;44.0
2025;3;AC;1200807;-1;40;212315;9312300;1518.0;7;1;47;3;48.0
2025;3;AC;1200609;1;97;317205;1011201;1611.67;5;1;30;3;44.0
2025;3;AC;1200401;1;97;317210;6201501;3305.0;9;1;22;1;44.0
2025;3;AC;1200401;1;97;212420;6209100;3184.73;9;1;45;1;44.0
2025;3;AC;1200401;1;97;317210;6209100;2995.66;8;3;22;2;44.0
2025;3;AC;1200203;1;97;317210;6424703;3000.0;8;1;24;2;40.0
2025;3;AC;1200401;1;97;317210;8220200;2363.85;7;1;24;3;44.0
2025;3;AC;1200401;1;97;317210;8299799;1700.0;7;1;22;3;44.0
2025;3;AC;1200401;1;97;212420;8610101;3000.0;7;1;26;3;44.0
2025;3;AC;1200401;1;97;212420;8610101;3000.0;8;1;32;3;44.0
2025;3;AC;1200401;1;97;212420;8610101;3000.0;8;3;22;3;44.0
2025;3;AC;1200401;1;97;317210;9511800;1518.0;7;1;38;1;44.0
2025;3;AC;1200401;-1;98;317205;9420100;759.0;7;1;20;3;20.0
2025;3;AC;1200401;-1;98;317105;9420100;759.0;6;3;19;3;20.0
2025;3;AC;1200401;-1;98;317205;9420100;759.0;7;1;19;3;20.0
2025;3;AC;1200401;-1;98;317105;9420100;759.0;7;1;21;3;20.0
2025;3;AC;1200401;-1;98;317105;9420100;759.0;4;1;19;3;20.0
2025;3;AC;1200401;-1;98;317205;9420100;759.0;7;1;19;3;20.0
2025;4;AC;1200104;-1;31;317210;1012103;2379.22;7;3;21;2;44.0
2025;4;AC;1200203;1;97;212420;6130200;1518.0;7;1;27;3;44.0
2025;4;AC;1200203;-1;31;317210;6190601;2000.0;7;3;24;3;44.0
2025;4;AC;1200203;-1;31;317205;9511800;1518.0;7;1;20;6;44.0
2025;4;AC;1200203;1;97;317205;9511800;1518.0;7;1;21;3;4.0
2025;4;AC;1200401;1;97;212420;4751201;1518.0;7;1;22;3;44.0
2025;4;AC;1200401;-1;40;212420;4751201;1518.0;7;1;25;3;44.0
2025;4;AC;1200401;1;97;317210;4772500;2277.0;7;1;42;3;44.0
2025;4;AC;1200401;1;97;212410;6190601;1700.0;9;1;32;3;44.0
2025;4;AC;1200401;1;97;212410;6190601;1700.0;7;1;37;2;44.0
2025;4;AC;1200401;-1;31;212405;6209100;4832.9;9;3;41;3;44.0
2025;4;AC;1200401;1;97;317210;6399200;1600.0;8;3;22;3;44.0
2025;4;AC;1200401;1;97;317210;6550200;3326.5;80;1;29;3;44.0
2025;4;AC;1200401;1;97;317210;6550200;3326.5;9;1;34;3;44.0
2025;4;AC;1200401;1;97;212305;8121400;4936.8;7;1;36;3;44.0
2025;4;AC;1200401;1;97;212410;8211300;1800.0;7;3;31;3;44.0
2025;4;AC;1200401;-1;40;212420;8411600;1454.11;9;3;31;3;40.0
2025;4;AC;1200401;1;97;212410;8531700;2120.84;8;1;21;1;44.0
2025;4;AC;1200401;-1;40;212410;8531700;2120.84;9;1;28;3;44.0
2025;4;AC;1200401;-1;31;317210;8532500;1797.36;7;1;26;3;44.0
2025;4;AC;1200401;-1;31;212405;8599699;8312.65;80;3;35;1;40.0
2025;4;AC;1200500;1;97;317210;6130200;1700.0;7;1;21;3;44.0
2025;4;AC;1200500;1;97;317210;6130200;1700.0;7;1;25;3;44.0
2025;4;AC;1200500;1;97;317210;6130200;1700.0;7;1;19;3;44.0
2025;4;AC;1200500;1;97;317210;6130200;1700.0;7;1;26;3;44.0
2025;5;AC;1200203;-1;40;212420;6130200;1518.0;7;3;25;3;44.0
2025;5;AC;1200401;1;97;317205;4644301;1900.0;7;1;26;3;44.0
2025;5;AC;1200401;-1;32;212420;4771701;1518.0;80;1;42;3;44.0
2025;5;AC;1200401;1;97;317110;4771701;1900.0;8;1;24;3;44.0
2025;5;AC;1200401;1;97;212410;6110803;1700.0;9;1;24;3;36.0
2025;5;AC;1200401;-1;40;212420;6209100;3184.73;7;1;24;3;44.0
2025;5;AC;1200401;-1;31;212405;6209100;4832.9;9;1;28;2;44.0
2025;5;AC;1200401;1;97;212420;6209100;3184.73;7;1;33;3;44.0
2025;5;AC;1200401;-1;31;317110;6209100;5000.0;7;1;49;3;44.0
2025;5;AC;1200401;-1;40;212420;6209100;3184.73;7;1;33;3;44.0
2025;5;AC;1200401;1;97;317110;8121400;6095.83;7;1;35;3;44.0
2025;5;AC;1200401;1;97;212405;8121400;7786.98;7;1;29;3;44.0
2025;5;AC;1200401;1;97;212405;8121400;7786.98;7;1;26;3;44.0
2025;5;AC;1200401;1;97;317110;8121400;6095.83;7;1;29;3;44.0
2025;5;AC;1200401;1;97;212305;8121400;4936.8;8;1;27;3;44.0
2025;5;AC;1200401;-1;43;212410;8211300;1800.0;7;3;31;3;44.0
2025;5;AC;1200401;1;97;317105;9420100;759.0;6;1;18;3;20.0
2025;5;AC;1200401;1;97;317105;9420100;759.0;4;1;18;3;20.0
2025;5;AC;1200401;1;97;317105;9420100;759.0;6;1;18;3;20.0
2025;5;AC;1200401;1;97;317105;9420100;759.0;7;1;18;3;20.0
2025;5;AC;1200401;1;97;317105;9420100;759.0;6;1;19;3;20.0
2025;5;AC;1200401;1;97;317105;9420100;759.0;6;1;18;3;20.0
2025;5;AC;1200401;1;97;317105;9420100;759.0;6;1;23;3;20.0
2025;5;AC;1200401;1;97;317105;9420100;759.0;6;1;18;3;20.0
2025;5;AC;1200401;1;97;317105;9420100;759.0;6;1;19;3;20.0
2025;5;AC;1200401;1;97;317105;9420100;759.0;6;1;18;3;20.0
2025;5;AC;1200401;1;97;317105;9420100;759.0;7;3;19;3;20.0
2025;5;AC;1200500;-1;40;317210;6130200;1700.0;7;1;25;3;44.0
2025;5;AC;1200500;-1;31;317210;6130200;1700.0;7;1;21;3;44.0
2025;6;AC;1200104;1;97;317210;1012101;1650.0;7;1;18;1;44.0
2025;6;AC;1200203;-1;40;317205;5829800;1518.0;7;3;32;3;44.0
2025;6;AC;1200336;1;97;317110;4752100;1518.0;7;1;20;3;44.0
2025;6;AC;1200401;-1;40;317110;1011201;780.0;7;3;21;3;22.0
2025;6;AC;1200401;1;97;317210;1413402;1700.0;7;1;22;3;44.0
2025;6;AC;1200401;1;97;212420;6209100;3184.73;9;3;31;1;44.0
2025;6;AC;1200401;1;97;317210;6209100;1644.39;7;1;25;1;44.0
2025;6;AC;1200401;-1;90;212410;6424703;3978.6;9;1;27;3;40.0
2025;6;AC;1200401;1;97;317110;7820500;3296.0;7;3;45;3;44.0
2025;6;AC;1200401;1;97;212305;8121400;4936.8;9;1;39;3;44.0
2025;6;AC;1200401;1;97;317210;8220200;2363.85;9;1;24;3;44.0
2025;6;AC;1200401;-1;40;317210;8220200;2363.85;6;1;24;1;44.0
2025;6;AC;1200401;-1;43;317210;8299799;1700.0;7;1;22;3;44.0
2025;6;AC;1200401;-1;31;212420;8520100;2759.88;8;1;30;3;40.0
2025;6;AC;1200401;-1;40;317210;8532500;1664.0;9;1;35;3;44.0
2025;6;AC;1200401;1;97;317210;8532500;1664.0;80;1;42;3;44.0
2025;6;AC;1200401;1;97;212420;8610101;3000.0;7;3;28;3;44.0
2025;6;AC;1200401;-1;43;212420;8610101;3000.0;9;1;31;3;44.0
2025;6;AC;1200401;1;97;212420;8610101;3000.0;7;3;28;1;44.0
2025;6;AC;1200401;-1;40;317105;9420100;759.0;7;1;19;3;20.0
2025;6;AC;1200401;1;97;317110;9511800;1639.44;9;1;44;3;44.0
2025;6;AC;1200500;-1;31;317205;4712100;1639.33;7;1;22;3;44.0
2025;6;AC;1200500;1;97;317210;6130200;1700.0;7;1;34;3;44.0
2025;6;AC;1200500;-1;40;317210;6130200;1734.0;7;1;24;3;44.0
2025;7;AC;1200104;-1;43;317110;1011201;779.9;7;3;15;3;22.0
2025;7;AC;1200203;-1;43;317110;1011201;779.9;8;1;19;1;22.0
2025;7;AC;1200203;1;97;212420;6130200;1518.0;7;3;19;3;44.0
2025;7;AC;1200203;-1;43;317205;9511800;1518.0;7;1;21;3;4.0
2025;7;AC;1200385;-1;43;317110;1011201;779.9;6;1;19;3;22.0
2025;7;AC;1200385;-1;43;317110;1011201;779.9;6;1;16;3;22.0
2025;7;AC;1200401;-1;43;317110;1011201;780.0;7;3;21;3;22.0
2025;7;AC;1200401;-1;43;317110;1011201;780.0;7;1;20;3;22.0
2025;7;AC;1200401;-1;43;317110;1011201;780.0;7;3;20;3;22.0
2025;7;AC;1200401;-1;43;317110;1011201;780.0;7;3;19;3;22.0
2025;7;AC;1200401;-1;43;317110;1011201;780.0;8;3;21;3;22.0
2025;7;AC;1200401;-1;43;317110;1011201;780.0;7;1;22;3;22.0
2025;7;AC;1200401;-1;43;317110;1011201;780.0;6;1;19;3;22.0
2025;7;AC;1200401;-1;43;317110;1092900;800.74;6;3;17;3;20.0
2025;7;AC;1200401;-1;43;317110;1092900;800.74;7;3;19;3;20.0
2025;7;AC;1200401;-1;43;317110;1092900;800.74;7;3;18;3;20.0
2025;7;AC;1200401;-1;43;317210;1413402;1700.0;9;1;22;3;44.0
2025;7;AC;1200401;-1;43;317110;4120400;759.0;4;3;15;3;22.0
2025;7;AC;1200401;-1;40;317110;4120400;759.0;7;1;18;3;24.0
2025;7;AC;1200401;-1;43;317105;4120400;690.0;6;1;16;3;20.0
2025;7;AC;1200401;-1;40;317110;4120400;759.0;6;1;16;3;44.0
2025;7;AC;1200401;-1;43;317105;4691500;759.0;4;1;17;3;22.0
2025;7;AC;1200401;-1;43;317105;4691500;759.0;4;3;16;3;22.0
2025;7;AC;1200401;-1;43;317110;4744099;759.0;6;1;16;3;44.0
2025;7;AC;1200401;1;97;212420;4751201;1518.0;9;1;29;3;44.0
2025;7;AC;1200401;-1;31;212420;4772500;2369.0;9;1;32;3;44.0
2025;7;AC;1200401;-1;43;317110;4930202;759.0;5;1;18;3;24.0
2025;7;AC;1200401;-1;31;212410;6110803;1700.0;8;1;26;3;44.0
2025;7;AC;1200401;-1;31;212410;6110803;1700.0;80;1;27;3;36.0
2025;7;AC;1200401;-1;31;212410;6190601;1700.0;8;1;24;1;44.0
2025;7;AC;1200401;-1;40;317110;6201501;1518.0;9;1;32;3;44.0
2025;7;AC;1200401;-1;40;212405;6209100;7616.57;9;1;29;3;44.0
2025;7;AC;1200401;1;97;212420;6209100;1644.39;7;1;24;3;44.0
2025;7;AC;1200401;1;97;212420;8610101;3000.0;8;3;21;3;44.0
2025;7;AC;1200401;-1;43;317105;9420100;759.0;4;3;16;3;20.0
2025;7;AC;1200401;-1;43;317205;9420100;759.0;7;1;18;3;20.0
2025;7;AC;1200401;-1;43;317105;9420100;706.0;7;3;19;3;20.0
2025;7;AC;1200401;-1;31;317110;9420100;3453.78;7;1;47;1;40.0
2025;7;AC;1200500;-1;43;317110;1011201;7.09;6;3;16;3;44.0
2025;7;AC;1200500;-1;43;317110;1011201;779.9;6;3;16;3;22.0
2025;7;AC;1200500;-1;40;317210;6130200;1700.0;7;1;34;3;44.0
2025;7;AC;1200500;-1;40;317210;6130200;1734.0;7;1;20;3;44.0
2025;7;AC;1200500;1;97;317110;8211300;2000.0;7;1;25;3;44.0
2025;8;AC;1200203;1;97;317110;1011201;709.0;7;1;18;3;20.0
2025;8;AC;1200401;1;97;317110;4120400;759.0;7;1;17;3;22.0
2025;8;AC;1200401;-1;31;317210;9511800;1518.0;7;1;39;1;44.0
2025;8;AC;1200401;-1;40;212410;6190601;1700.0;8;3;23;3;44.0
2025;8;AC;1200401;1;97;317110;9511800;2500.0;8;3;25;4;44.0
2025;8;AC;1200500;1;97;317110;1011201;709.0;6;1;16;3;20.0
2025;8;AC;1200401;1;97;317110;1011201;780.0;6;3;19;3;22.0
2025;8;AC;1200401;1;97;212420;9420100;5125.47;9;1;25;3;40.0
2025;8;AC;1200401;1;97;317110;4120400;759.0;4;3;14;3;22.0
2025;8;AC;1200401;1;97;212410;6110803;1700.0;7;1;20;3;44.0
2025;8;AC;1200401;1;97;317110;1011201;780.0;7;3;19;3;22.0
2025;8;AC;1200385;1;97;317110;1011201;709.0;4;1;15;3;20.0
2025;8;AC;1200401;1;97;317110;1011201;780.0;8;3;20;3;22.0
2025;8;AC;1200401;1;97;317210;8513900;1518.0;8;1;21;1;44.0
2025;8;AC;1200401;1;97;317110;6201501;1518.0;9;1;22;1;44.0
2025;8;AC;1200104;1;97;317110;1011201;709.0;4;1;14;3;20.0
2025;8;AC;1200401;1;97;317105;4313400;759.0;6;1;16;3;20.0
2025;8;AC;1200401;1;97;317105;4691500;759.0;6;1;17;3;22.0
2025;8;AC;1200708;1;97;317110;0151201;759.0;6;1;15;3;22.0
2025;8;AC;1200401;1;97;317110;1011201;780.0;7;1;18;3;22.0
2025;8;AC;1200401;1;97;317110;1011201;780.0;7;1;19;3;22.0
2025;8;AC;1200401;-1;40;317110;1011201;780.0;7;1;21;3;22.0
2025;8;AC;1200401;1;97;317110;1011201;780.0;7;3;18;3;22.0
2025;8;AC;1200401;1;97;317110;4744099;759.0;6;1;19;3;22.0
2025;8;AC;1200203;1;97;317110;1011201;709.0;6;1;16;3;20.0
2025;8;AC;1200401;1;97;317210;4772500;1900.0;7;1;19;1;44.0
2025;8;AC;1200401;1;97;317110;1011201;780.0;7;1;18;3;22.0
2025;8;AC;1200401;1;97;317110;1011201;780.0;8;1;18;3;22.0
2025;8;AC;1200104;-1;43;317210;1012101;1650.0;7;1;18;1;44.0
2025;8;AC;1200203;1;97;317205;9511800;1518.0;7;1;21;3;44.0
2025;8;AC;1200401;1;97;317110;1011201;780.0;6;3;18;3;22.0
2025;8;AC;1200401;1;97;317110;1011201;780.0;7;3;20;3;22.0
2025;8;AC;1200401;1;97;317110;4930202;759.0;7;1;19;3;22.0
2025;8;AC;1200500;1;97;317110;1011201;709.0;6;3;17;3;20.0
2025;8;AC;1200401;1;97;317110;1011201;780.0;7;1;21;3;22.0
2025;8;AC;1200401;-1;40;317205;9420100;759.0;4;3;15;3;20.0
2025;8;AC;1200401;1;97;317210;9511800;2000.0;7;1;21;3;44.0
2025;8;AC;1200401;1;97;317105;4313400;759.0;7;1;19;3;20.0
2025;8;AC;1200401;1;97;317105;4691500;759.0;6;1;15;3;44.0
2025;8;AC;1200385;1;97;317110;1011201;709.0;6;1;17;3;20.0
2025;8;AC;1200401;1;97;212420;9420100;5125.47;9;1;21;3;40.0
2025;8;AC;1200708;1;97;317110;0151201;759.0;7;3;18;3;22.0
2025;9;AC;1200401;-1;31;212420;4751201;1918.0;7;1;23;3;44.0
2025;9;AC;1200401;-1;31;212420;6209100;3184.73;9;1;25;3;44.0
2025;9;AC;1200203;-1;40;317210;6190601;1598.76;7;3;30;3;44.0
2025;9;AC;1200401;-1;40;212420;6209100;3184.73;9;1;33;3;44.0
2025;9;AC;1200401;-1;40;212305;8121400;4936.8;7;1;36;3;44.0
2025;9;AC;1200401;-1;40;212405;8220200;4554.0;9;1;23;3;44.0
2025;9;AC;1200401;-1;40;317105;9420100;759.0;7;1;19;2;20.0
2025;9;AC;1200401;-1;40;317105;9420100;759.0;6;1;18;3;20.0
2025;9;AC;1200401;-1;40;317105;9420100;759.0;6;1;18;3;20.0
2025;9;AC;1200401;-1;40;317105;9420100;759.0;6;1;19;3;20.0
2025;9;AC;1200401;-1;43;212420;6209100;3184.73;7;3;31;3;44.0
2025;9;AC;1200401;1;97;317110;1011201;1800.0;9;1;34;3;44.0
2025;9;AC;1200104;1;97;317210;1012101;2000.0;7;1;21;3;44.0
2025;9;AC;1200401;1;97;317110;1092900;800.74;8;3;19;3;20.0
2025;9;AC;1200401;1;97;317110;1092900;800.74;8;3;17;3;20.0
2025;9;AC;1200401;1;97;317110;1092900;800.74;6;1;16;3;20.0
2025;9;AC;1200401;1;97;212410;6110803;1700.0;7;1;22;3;44.0
2025;9;AC;1200401;1;97;212410;6110803;1700.0;7;1;30;3;44.0
2025;9;AC;1200401;1;97;212420;6209100;3184.73;9;1;25;3;44.0
2025;9;AC;1200401;1;97;212420;6209100;3184.73;7;1;30;3;44.0
2025;9;AC;1200401;1;97;212405;6209100;7616.57;9;3;23;3;44.0
2025;9;AC;1200401;1;97;317210;6424703;3000.0;9;1;27;3;40.0
2025;9;AC;1200401;1;97;212420;8211300;4404.71;9;1;33;3;26.4
2025;9;AC;1200401;1;97;212405;8220200;4554.0;8;1;25;3;44.0
2025;9;AC;1200401;1;97;317210;8532500;1664.0;7;1;32;3;44.0
2025;9;AC;1200401;1;97;317210;9511800;1518.0;8;1;23;3;44.0
